CHR	BP	SNP	BETA	P	N
19	45242967	rs62117204	2.228204048072503	5.5254866555421975e-45	207
9	136149399	rs507666	-0.859154287215481	2.980584674228632e-10	207
