CHR	BP	SNP	BETA	P	N
19	45242173	rs1531517	0.8785776234328482	2.25641942848863e-12	207
19	45242967	rs62117204	2.232244476131731	8.170535566947042e-45	207
9	136141870	rs2519093	-0.8738458108153951	1.6402139545825406e-10	207
